{"Name":null,"Ticker":"BTC","Date":"2022-05-30T23:59:00Z","Granularity":60,"AddressMin100Count":null,"AddressMin10Count":null,"AddressNonZeroCount":null,"AdjusedSupply":null,"ActiveAddresses":"941604.000","AverageTransactionFee":"0.000","AverageTransactionFeeUSD":"1.510","AverageBlockSize":"1258586.000","AverageConfirmationTime":null,"AverageTimeBetweenTransactions":"567.318","BlockSize":"1258586.000","BlockNumber":"738643.000","BlockCount":"154.000","BlockHeight":"738643.000","BlockIntervalMean":"567.318","BlockIntervalMedian":"426.000","CirculatingSupply":"19054025.000","Close":"30395.420","CostPerTransaction":null,"CostPerTransactionPercent":null,"Difficulty":"128408396848654000000000.000","EstimatedTransactionVolumeUSD":null,"EstimatedTransactionVolume":null,"FeesPerTransaction":null,"FeeRatioMultiple":null,"High":"31762.288","HoldTime":null,"HashRate":"227787971.082","MaxHeight":null,"MarketCap":"604513442525.640","MarketPrice":null,"MedianConfirmationTime":null,"MemPoolCount":null,"MemPoolGrowth":null,"MemPoolSize":null,"MemPoolStateByFeeLevel":null,"MinersRevenueBtc":null,"MinersRevenue":null,"MinersRewards":"962.500","Mvrv":null,"MyWallNUsers":null,"Low":"31671.212","NewAddresses":"393250.000","NBlocksMined":null,"NextRetarget":null,"BlocksTotal":null,"Payments":null,"PaymentsPerBlock":null,"Nvt":null,"Nvts":null,"Open":"31752.119","Popularity":null,"MarketCapThermocapRatio":null,"Transactions":"271819.000","Thremocap":null,"TransactionsExcludingPopular":null,"TransactionsPerBlock":null,"TotalSupply":null,"TradeVolume":"2255369.048","TradeVolumeUSD":"69295232920.102","TransactionFees":"13.340","TransactionFeesUSD":"409807.960","TransfersFromExchangesCount":null,"TransfersToExchangesCount":null,"TransactionsPerSecond":null,"UniqueAddresses":"1001777607.000","UtxoCount":null,"Velocity":null,"Volume":"17390442.690","VolumeFrom":null,"VolumeTo":null,"RevenueFromFees":null,"SendingCount":"625340.000","ReceivingCount":"644783.000","TransfersCount":null,"Properties":{"twitter_negative":"513.000","VolumeSum":"13.338","VolumneMean":"0.000","ZeroBalance":"460123.000","twitter_neutral":"10003.000","AdjustedClose":"31726.391","PurposeEtcAumSum":"1300000000.000","twitter_positive":"3574.000","PurposeEtfFlowsSum":"6.347","SupplyActiveOneYearPercent":"0.657","PurposeEtfHoldingsSum":"40920.946","VolumneMedian":"0.000","BlockSizeMean":"1258586.377","TransactionCount":"271665.000","TransactionRate":"3.144"}}