{"Name":null,"Ticker":"BTC","Date":"2022-04-27T23:59:00Z","Granularity":60,"AddressMin100Count":null,"AddressMin10Count":null,"AddressNonZeroCount":null,"AdjusedSupply":null,"ActiveAddresses":"42090.000","AverageTransactionFee":"0.000","AverageTransactionFeeUSD":"1.500","AverageBlockSize":"1062318.000","AverageConfirmationTime":null,"AverageTimeBetweenTransactions":"505.588","BlockSize":"5296607.000","BlockNumber":"733882.000","BlockCount":"5.000","BlockHeight":"733882.000","BlockIntervalMean":"634.800","BlockIntervalMedian":"538.000","CirculatingSupply":"19024268.750","Close":"39226.645","CostPerTransaction":null,"CostPerTransactionPercent":null,"Difficulty":"127966006199790000000000.000","EstimatedTransactionVolumeUSD":null,"EstimatedTransactionVolume":null,"FeesPerTransaction":null,"FeeRatioMultiple":null,"High":"39243.523","HoldTime":null,"HashRate":"201584760869234000000.000","MaxHeight":null,"MarketCap":"746531438328.550","MarketPrice":null,"MedianConfirmationTime":null,"MemPoolCount":null,"MemPoolGrowth":null,"MemPoolSize":null,"MemPoolStateByFeeLevel":null,"MinersRevenueBtc":null,"MinersRevenue":null,"MinersRewards":"1062.500","Mvrv":null,"MyWallNUsers":null,"Low":"39179.612","NewAddresses":"16969.000","NBlocksMined":null,"NextRetarget":null,"BlocksTotal":null,"Payments":null,"PaymentsPerBlock":null,"Nvt":null,"Nvts":null,"Open":"39203.424","Popularity":null,"MarketCapThermocapRatio":null,"Transactions":"287105.000","Thremocap":null,"TransactionsExcludingPopular":null,"TransactionsPerBlock":null,"TotalSupply":null,"TradeVolume":"274854.083","TradeVolumeUSD":"262972968732.379","TransactionFees":"11.160","TransactionFeesUSD":"431893.800","TransfersFromExchangesCount":null,"TransfersToExchangesCount":null,"TransactionsPerSecond":null,"UniqueAddresses":"970263797.000","UtxoCount":null,"Velocity":null,"Volume":"30981015184.000","VolumeFrom":null,"VolumeTo":null,"RevenueFromFees":null,"SendingCount":"19898.000","ReceivingCount":"26737.000","TransfersCount":null,"Properties":{"twitter_negative":"712.000","VolumeSum":"11.165","VolumneMean":"0.000","ZeroBalance":"470974.000","twitter_neutral":"9967.000","AdjustedClose":"39241.121","PurposeEtcAumSum":"1200000000.000","twitter_positive":"4426.000","PurposeEtfFlowsSum":"-0.475","SupplyActiveOneYearPercent":"0.645","PurposeEtfHoldingsSum":"31162.233","VolumneMedian":"0.000","BlockSizeMean":"1062318.676","TransactionCount":"286935.000","TransactionRate":"3.321"}}