{"Name":null,"Ticker":"BTC","Date":"2022-04-26T23:59:00Z","Granularity":60,"AddressMin100Count":null,"AddressMin10Count":null,"AddressNonZeroCount":null,"AdjusedSupply":null,"ActiveAddresses":"50516.000","AverageTransactionFee":"0.000","AverageTransactionFeeUSD":"1.620","AverageBlockSize":"1236938.000","AverageConfirmationTime":null,"AverageTimeBetweenTransactions":"618.564","BlockSize":"5599501.000","BlockNumber":"733712.000","BlockCount":"4.000","BlockHeight":"733712.000","BlockIntervalMean":"1246.250","BlockIntervalMedian":"691.000","CirculatingSupply":"19023206.250","Close":"38132.824","CostPerTransaction":null,"CostPerTransactionPercent":null,"Difficulty":"121229438308697000000000.000","EstimatedTransactionVolumeUSD":null,"EstimatedTransactionVolume":null,"FeesPerTransaction":null,"FeeRatioMultiple":null,"High":"38145.058","HoldTime":null,"HashRate":"97275376777289800000.000","MaxHeight":null,"MarketCap":"725113482674.140","MarketPrice":null,"MedianConfirmationTime":null,"MemPoolCount":null,"MemPoolGrowth":null,"MemPoolSize":null,"MemPoolStateByFeeLevel":null,"MinersRevenueBtc":null,"MinersRevenue":null,"MinersRewards":"875.000","Mvrv":null,"MyWallNUsers":null,"Low":"38024.506","NewAddresses":"21181.000","NBlocksMined":null,"NextRetarget":null,"BlocksTotal":null,"Payments":null,"PaymentsPerBlock":null,"Nvt":null,"Nvts":null,"Open":"38114.105","Popularity":null,"MarketCapThermocapRatio":null,"Transactions":"273297.000","Thremocap":null,"TransactionsExcludingPopular":null,"TransactionsPerBlock":null,"TotalSupply":null,"TradeVolume":"426245.388","TradeVolumeUSD":"296649039312.818","TransactionFees":"11.310","TransactionFeesUSD":"443968.460","TransfersFromExchangesCount":null,"TransfersToExchangesCount":null,"TransactionsPerSecond":null,"UniqueAddresses":"969830847.000","UtxoCount":null,"Velocity":null,"Volume":"34569088416.000","VolumeFrom":null,"VolumeTo":null,"RevenueFromFees":null,"SendingCount":"21362.000","ReceivingCount":"34465.000","TransfersCount":null,"Properties":{"twitter_negative":"644.000","VolumeSum":"11.308","VolumneMean":"0.000","ZeroBalance":"457962.000","twitter_neutral":"10488.000","AdjustedClose":"38117.461","PurposeEtcAumSum":"1200000000.000","twitter_positive":"3716.000","PurposeEtfFlowsSum":"1032.671","SupplyActiveOneYearPercent":"0.644","PurposeEtfHoldingsSum":"31162.709","VolumneMedian":"0.000","BlockSizeMean":"1236938.057","TransactionCount":"273157.000","TransactionRate":"3.162"}}