{"Name":null,"Ticker":"BTC","Date":"2022-02-10T23:59:00Z","Granularity":60,"AddressMin100Count":null,"AddressMin10Count":null,"AddressNonZeroCount":null,"AdjusedSupply":null,"ActiveAddresses":"1029618.000","AverageTransactionFee":"0.000","AverageTransactionFeeUSD":"3.340","AverageBlockSize":"1389048.000","AverageConfirmationTime":null,"AverageTimeBetweenTransactions":"587.816","BlockSize":"1389048.000","BlockNumber":"722693.000","BlockCount":"147.000","BlockHeight":"722693.000","BlockIntervalMean":"587.816","BlockIntervalMedian":"388.000","CirculatingSupply":"18954337.500","Close":"43558.428","CostPerTransaction":null,"CostPerTransactionPercent":null,"Difficulty":"114634933222468000000000.000","EstimatedTransactionVolumeUSD":null,"EstimatedTransactionVolume":null,"FeesPerTransaction":null,"FeeRatioMultiple":null,"High":"43647.924","HoldTime":null,"HashRate":"194560759.919","MaxHeight":null,"MarketCap":"825745116529.950","MarketPrice":null,"MedianConfirmationTime":null,"MemPoolCount":null,"MemPoolGrowth":null,"MemPoolSize":null,"MemPoolStateByFeeLevel":null,"MinersRevenueBtc":null,"MinersRevenue":null,"MinersRewards":"918.750","Mvrv":null,"MyWallNUsers":null,"Low":"43401.066","NewAddresses":"418913.000","NBlocksMined":null,"NextRetarget":null,"BlocksTotal":null,"Payments":null,"PaymentsPerBlock":null,"Nvt":null,"Nvts":null,"Open":"43647.924","Popularity":null,"MarketCapThermocapRatio":null,"Transactions":"260813.000","Thremocap":null,"TransactionsExcludingPopular":null,"TransactionsPerBlock":null,"TotalSupply":null,"TradeVolume":"5358161.688","TradeVolumeUSD":"238683143472.933","TransactionFees":"19.580","TransactionFeesUSD":"872231.740","TransfersFromExchangesCount":null,"TransfersToExchangesCount":null,"TransactionsPerSecond":null,"UniqueAddresses":"956634727.000","UtxoCount":null,"Velocity":null,"Volume":"32142048537.000","VolumeFrom":null,"VolumeTo":null,"RevenueFromFees":null,"SendingCount":"649482.000","ReceivingCount":"673828.000","TransfersCount":null,"Properties":{"twitter_negative":"775.000","VolumeSum":"19.581","VolumneMean":"0.000","ZeroBalance":"471220.000","twitter_neutral":"9500.000","AdjustedClose":"43565.113","PurposeEtcAumSum":"1300000000.000","twitter_positive":"4083.000","PurposeEtfFlowsSum":"582.034","SupplyActiveOneYearPercent":"0.598","PurposeEtfHoldingsSum":"29436.977","VolumneMedian":"0.000","BlockSizeMean":"1389048.163","TransactionCount":"260666.000","TransactionRate":"3.017"}}