{"Name":null,"Ticker":"BTC","Date":"2022-05-28T23:59:00Z","Granularity":60,"AddressMin100Count":null,"AddressMin10Count":null,"AddressNonZeroCount":null,"AdjusedSupply":null,"ActiveAddresses":"794128.000","AverageTransactionFee":"0.000","AverageTransactionFeeUSD":"1.500","AverageBlockSize":"1055595.000","AverageConfirmationTime":null,"AverageTimeBetweenTransactions":"578.797","BlockSize":"1055595.000","BlockNumber":"738340.000","BlockCount":"148.000","BlockHeight":"738340.000","BlockIntervalMean":"578.797","BlockIntervalMedian":"335.000","CirculatingSupply":"19052131.250","Close":"29013.351","CostPerTransaction":null,"CostPerTransactionPercent":null,"Difficulty":"128408396848654000000000.000","EstimatedTransactionVolumeUSD":null,"EstimatedTransactionVolume":null,"FeesPerTransaction":null,"FeeRatioMultiple":null,"High":"29129.222","HoldTime":null,"HashRate":"221406771.881","MaxHeight":null,"MarketCap":"552958193308.480","MarketPrice":null,"MedianConfirmationTime":null,"MemPoolCount":null,"MemPoolGrowth":null,"MemPoolSize":null,"MemPoolStateByFeeLevel":null,"MinersRevenueBtc":null,"MinersRevenue":null,"MinersRewards":"925.000","Mvrv":null,"MyWallNUsers":null,"Low":"29013.072","NewAddresses":"353317.000","NBlocksMined":null,"NextRetarget":null,"BlocksTotal":null,"Payments":null,"PaymentsPerBlock":null,"Nvt":null,"Nvts":null,"Open":"29080.588","Popularity":null,"MarketCapThermocapRatio":null,"Transactions":"226794.000","Thremocap":null,"TransactionsExcludingPopular":null,"TransactionsPerBlock":null,"TotalSupply":null,"TradeVolume":"1574808.384","TradeVolumeUSD":"45464277092.060","TransactionFees":"11.820","TransactionFeesUSD":"341254.550","TransfersFromExchangesCount":null,"TransfersToExchangesCount":null,"TransactionsPerSecond":null,"UniqueAddresses":"1001057685.000","UtxoCount":null,"Velocity":null,"Volume":"35519577634.000","VolumeFrom":null,"VolumeTo":null,"RevenueFromFees":null,"SendingCount":"494943.000","ReceivingCount":"576380.000","TransfersCount":null,"Properties":{"twitter_negative":"558.000","VolumeSum":"11.821","VolumneMean":"0.000","ZeroBalance":"363988.000","twitter_neutral":"6708.000","AdjustedClose":"28814.900","PurposeEtcAumSum":"1200000000.000","twitter_positive":"2531.000","PurposeEtfFlowsSum":"0.000","SupplyActiveOneYearPercent":"0.656","PurposeEtfHoldingsSum":"40914.598","VolumneMedian":"0.000","BlockSizeMean":"1055595.838","TransactionCount":"226646.000","TransactionRate":"2.623"}}