{"Name":null,"Ticker":"BTC","Date":"2022-05-19T23:59:00Z","Granularity":60,"AddressMin100Count":null,"AddressMin10Count":null,"AddressNonZeroCount":null,"AdjusedSupply":null,"ActiveAddresses":"53809.000","AverageTransactionFee":"0.000","AverageTransactionFeeUSD":"1.930","AverageBlockSize":"1335489.000","AverageConfirmationTime":null,"AverageTimeBetweenTransactions":"709.279","BlockSize":"7956967.000","BlockNumber":"737104.000","BlockCount":"5.000","BlockHeight":"737104.000","BlockIntervalMean":"683.400","BlockIntervalMedian":"647.000","CirculatingSupply":"19044406.250","Close":"30291.906","CostPerTransaction":null,"CostPerTransactionPercent":null,"Difficulty":"134222458329710000000000.000","EstimatedTransactionVolumeUSD":null,"EstimatedTransactionVolume":null,"FeesPerTransaction":null,"FeeRatioMultiple":null,"High":"30385.783","HoldTime":null,"HashRate":"196403948389977000000.000","MaxHeight":null,"MarketCap":"577316228899.300","MarketPrice":null,"MedianConfirmationTime":null,"MemPoolCount":null,"MemPoolGrowth":null,"MemPoolSize":null,"MemPoolStateByFeeLevel":null,"MinersRevenueBtc":null,"MinersRevenue":null,"MinersRewards":"762.500","Mvrv":null,"MyWallNUsers":null,"Low":"30290.524","NewAddresses":"16896.000","NBlocksMined":null,"NextRetarget":null,"BlocksTotal":null,"Payments":null,"PaymentsPerBlock":null,"Nvt":null,"Nvts":null,"Open":"30297.344","Popularity":null,"MarketCapThermocapRatio":null,"Transactions":"262479.000","Thremocap":null,"TransactionsExcludingPopular":null,"TransactionsPerBlock":null,"TotalSupply":null,"TradeVolume":"60505.005","TradeVolumeUSD":"81439697927.544","TransactionFees":"17.090","TransactionFeesUSD":"505498.600","TransfersFromExchangesCount":null,"TransfersToExchangesCount":null,"TransactionsPerSecond":null,"UniqueAddresses":"979441650.000","UtxoCount":null,"Velocity":null,"Volume":"33773447707.000","VolumeFrom":null,"VolumeTo":null,"RevenueFromFees":null,"SendingCount":"28237.000","ReceivingCount":"30503.000","TransfersCount":null,"Properties":{"twitter_negative":"659.000","VolumeSum":"17.090","VolumneMean":"0.000","ZeroBalance":"397472.000","twitter_neutral":"9233.000","AdjustedClose":"30314.334","PurposeEtcAumSum":"1100000000.000","twitter_positive":"3142.000","PurposeEtfFlowsSum":"-93.219","SupplyActiveOneYearPercent":"0.652","PurposeEtfHoldingsSum":"36312.044","VolumneMedian":"0.000","BlockSizeMean":"1335489.992","TransactionCount":"262357.000","TransactionRate":"3.037"}}