{"Name":null,"Ticker":"BTC","Date":"2022-03-26T23:59:00Z","Granularity":60,"AddressMin100Count":null,"AddressMin10Count":null,"AddressNonZeroCount":null,"AdjusedSupply":null,"ActiveAddresses":"839220.000","AverageTransactionFee":"0.000","AverageTransactionFeeUSD":"1.580","AverageBlockSize":"922095.000","AverageConfirmationTime":null,"AverageTimeBetweenTransactions":"536.671","BlockSize":"922095.000","BlockNumber":"729182.000","BlockCount":"161.000","BlockHeight":"729182.000","BlockIntervalMean":"536.689","BlockIntervalMedian":"373.000","CirculatingSupply":"18994893.750","Close":"44500.828","CostPerTransaction":null,"CostPerTransactionPercent":null,"Difficulty":"117908481742971000000000.000","EstimatedTransactionVolumeUSD":null,"EstimatedTransactionVolume":null,"FeesPerTransaction":null,"FeeRatioMultiple":null,"High":"44735.996","HoldTime":null,"HashRate":"223907863.971","MaxHeight":null,"MarketCap":"845675917704.402","MarketPrice":null,"MedianConfirmationTime":null,"MemPoolCount":null,"MemPoolGrowth":null,"MemPoolSize":null,"MemPoolStateByFeeLevel":null,"MinersRevenueBtc":null,"MinersRevenue":null,"MinersRewards":"1006.250","Mvrv":null,"MyWallNUsers":null,"Low":"44166.273","NewAddresses":"393492.000","NBlocksMined":null,"NextRetarget":null,"BlocksTotal":null,"Payments":null,"PaymentsPerBlock":null,"Nvt":null,"Nvts":null,"Open":"44349.859","Popularity":null,"MarketCapThermocapRatio":null,"Transactions":"231031.000","Thremocap":null,"TransactionsExcludingPopular":null,"TransactionsPerBlock":null,"TotalSupply":null,"TradeVolume":"3316818.753","TradeVolumeUSD":"147464667194.175","TransactionFees":"8.190","TransactionFeesUSD":"363928.990","TransfersFromExchangesCount":null,"TransfersToExchangesCount":null,"TransactionsPerSecond":null,"UniqueAddresses":"974984126.000","UtxoCount":null,"Velocity":null,"Volume":"16950455995.000","VolumeFrom":null,"VolumeTo":null,"RevenueFromFees":null,"SendingCount":"494867.000","ReceivingCount":"612249.000","TransfersCount":null,"Properties":{"twitter_negative":"419.000","VolumeSum":"8.186","VolumneMean":"0.000","ZeroBalance":"362991.000","twitter_neutral":"9200.000","AdjustedClose":"44500.828","PurposeEtcAumSum":"1600000000.000","twitter_positive":"4048.000","PurposeEtfFlowsSum":"0.000","SupplyActiveOneYearPercent":"0.629","PurposeEtfHoldingsSum":"36321.955","VolumneMedian":"0.000","BlockSizeMean":"922095.857","TransactionCount":"230870.000","TransactionRate":"2.672"}}