{"Name":null,"Ticker":"BTC","Date":"2009-01-15T23:59:00Z","Granularity":60,"AddressMin100Count":"1","AddressMin10Count":"641","AddressNonZeroCount":"643","AdjusedSupply":"32050","ActiveAddresses":"140","AverageTransactionFee":"0","AverageTransactionFeeUSD":"0","AverageBlockSize":"238","AverageConfirmationTime":null,"AverageTimeBetweenTransactions":"682.3174603174602","BlockSize":"238","BlockNumber":"640","BlockCount":"126","BlockHeight":"640","BlockIntervalMean":"682.31746031746","BlockIntervalMedian":"699","CirculatingSupply":"32050","Close":"0","CostPerTransaction":null,"CostPerTransactionPercent":null,"Difficulty":"4294967296","EstimatedTransactionVolumeUSD":null,"EstimatedTransactionVolume":null,"FeesPerTransaction":null,"FeeRatioMultiple":null,"High":"0","HoldTime":null,"HashRate":"0.000006","MaxHeight":null,"MarketCap":null,"MarketPrice":null,"MedianConfirmationTime":null,"MemPoolCount":null,"MemPoolGrowth":null,"MemPoolSize":null,"MemPoolStateByFeeLevel":null,"MinersRevenueBtc":null,"MinersRevenue":null,"MinersRewards":"6300","Mvrv":null,"MyWallNUsers":null,"Low":"0","NewAddresses":"140","NBlocksMined":null,"NextRetarget":null,"BlocksTotal":null,"Payments":null,"PaymentsPerBlock":null,"Nvt":null,"Nvts":null,"Open":"0","Popularity":null,"MarketCapThermocapRatio":null,"Transactions":"134","Thremocap":null,"TransactionsExcludingPopular":null,"TransactionsPerBlock":null,"TotalSupply":null,"TradeVolume":"6800","TradeVolumeUSD":"0","TransactionFees":"0","TransactionFeesUSD":"0","TransfersFromExchangesCount":null,"TransfersToExchangesCount":null,"TransactionsPerSecond":null,"UniqueAddresses":"140","UtxoCount":null,"Velocity":null,"Volume":null,"VolumeFrom":null,"VolumeTo":null,"RevenueFromFees":"0","SendingCount":"11","ReceivingCount":"8","TransfersCount":null,"Properties":{"VolumneMedian":"0","VolumeSum":"0","BlockSizeMean":"238.579365079365","VolumneMean":"0","SupplyActiveOneYearPercent":"0","TransactionCount":"8","TransactionRate":"0.00009259259259259259"}}