{"Name":null,"Ticker":"BTC","Date":"2022-05-03T23:59:00Z","Granularity":60,"AddressMin100Count":null,"AddressMin10Count":null,"AddressNonZeroCount":null,"AdjusedSupply":null,"ActiveAddresses":"51782.000","AverageTransactionFee":"0.000","AverageTransactionFeeUSD":"1.320","AverageBlockSize":"1124335.000","AverageConfirmationTime":null,"AverageTimeBetweenTransactions":"573.653","BlockSize":"6872419.000","BlockNumber":"734791.000","BlockCount":"10.000","BlockHeight":"734791.000","BlockIntervalMean":"328.800","BlockIntervalMedian":"225.000","CirculatingSupply":"19029950.000","Close":"37738.960","CostPerTransaction":null,"CostPerTransactionPercent":null,"Difficulty":"127966006199790000000000.000","EstimatedTransactionVolumeUSD":null,"EstimatedTransactionVolume":null,"FeesPerTransaction":null,"FeeRatioMultiple":null,"High":"37769.797","HoldTime":null,"HashRate":"389191016422718000000.000","MaxHeight":null,"MarketCap":"718385701942.790","MarketPrice":null,"MedianConfirmationTime":null,"MemPoolCount":null,"MemPoolGrowth":null,"MemPoolSize":null,"MemPoolStateByFeeLevel":null,"MinersRevenueBtc":null,"MinersRevenue":null,"MinersRewards":"937.500","Mvrv":null,"MyWallNUsers":null,"Low":"37721.482","NewAddresses":"19422.000","NBlocksMined":null,"NextRetarget":null,"BlocksTotal":null,"Payments":null,"PaymentsPerBlock":null,"Nvt":null,"Nvts":null,"Open":"37749.430","Popularity":null,"MarketCapThermocapRatio":null,"Transactions":"277895.000","Thremocap":null,"TransactionsExcludingPopular":null,"TransactionsPerBlock":null,"TotalSupply":null,"TradeVolume":"195268.122","TradeVolumeUSD":"335543627513.265","TransactionFees":"9.670","TransactionFeesUSD":"368092.160","TransfersFromExchangesCount":null,"TransfersToExchangesCount":null,"TransactionsPerSecond":null,"UniqueAddresses":"972783699.000","UtxoCount":null,"Velocity":null,"Volume":"27326943244.000","VolumeFrom":null,"VolumeTo":null,"RevenueFromFees":null,"SendingCount":"26707.000","ReceivingCount":"31540.000","TransfersCount":null,"Properties":{"twitter_negative":"550.000","VolumeSum":"9.666","VolumneMean":"0.000","ZeroBalance":"454453.000","twitter_neutral":"9425.000","AdjustedClose":"37750.453","PurposeEtcAumSum":"1200000000.000","twitter_positive":"2930.000","PurposeEtfFlowsSum":"303.279","SupplyActiveOneYearPercent":"0.647","PurposeEtfHoldingsSum":"31453.146","VolumneMedian":"0.000","BlockSizeMean":"1124335.960","TransactionCount":"277745.000","TransactionRate":"3.215"}}