{"Name":null,"Ticker":"BTC","Date":"2022-07-31T23:59:00Z","Granularity":60,"AddressMin100Count":null,"AddressMin10Count":null,"AddressNonZeroCount":null,"AdjusedSupply":null,"ActiveAddresses":"40802.000","AverageTransactionFee":"0.000","AverageTransactionFeeUSD":"1.240","AverageBlockSize":"922711.000","AverageConfirmationTime":null,"AverageTimeBetweenTransactions":"561.224","BlockSize":"5290529.000","BlockNumber":"747428.000","BlockCount":"8.000","BlockHeight":"747428.000","BlockIntervalMean":"416.500","BlockIntervalMedian":"201.000","CirculatingSupply":"19108931.250","Close":"23330.935","CostPerTransaction":null,"CostPerTransactionPercent":null,"Difficulty":"118938673727166000000000.000","EstimatedTransactionVolumeUSD":null,"EstimatedTransactionVolume":null,"FeesPerTransaction":null,"FeeRatioMultiple":null,"High":"23423.585","HoldTime":null,"HashRate":"285567043762703000000.000","MaxHeight":null,"MarketCap":"445941074223.040","MarketPrice":null,"MedianConfirmationTime":null,"MemPoolCount":null,"MemPoolGrowth":null,"MemPoolSize":null,"MemPoolStateByFeeLevel":null,"MinersRevenueBtc":null,"MinersRevenue":null,"MinersRewards":"950.000","Mvrv":null,"MyWallNUsers":null,"Low":"23302.659","NewAddresses":"13923.000","NBlocksMined":null,"NextRetarget":null,"BlocksTotal":null,"Payments":null,"PaymentsPerBlock":null,"Nvt":null,"Nvts":null,"Open":"23416.883","Popularity":null,"MarketCapThermocapRatio":null,"Transactions":"209042.000","Thremocap":null,"TransactionsExcludingPopular":null,"TransactionsPerBlock":null,"TotalSupply":null,"TradeVolume":"84840.739","TradeVolumeUSD":"37158168800.620","TransactionFees":"10.950","TransactionFeesUSD":"259597.430","TransfersFromExchangesCount":null,"TransfersToExchangesCount":null,"TransactionsPerSecond":null,"UniqueAddresses":"1007592117.000","UtxoCount":null,"Velocity":null,"Volume":"23553591896.000","VolumeFrom":null,"VolumeTo":null,"RevenueFromFees":null,"SendingCount":"21141.000","ReceivingCount":"24842.000","TransfersCount":null,"Properties":{"twitter_negative":"829.000","VolumeSum":"10.946","VolumneMean":"0.000","ZeroBalance":"361465.000","twitter_neutral":"17822.000","AdjustedClose":"23336.896","PurposeEtcAumSum":"639100000.000","twitter_positive":"5528.000","PurposeEtfFlowsSum":"0.000","SupplyActiveOneYearPercent":"0.657","PurposeEtfHoldingsSum":"26729.811","VolumneMedian":"0.000","BlockSizeMean":"922711.079","TransactionCount":"208890.000","TransactionRate":"2.418"}}