{"Name":null,"Ticker":"BTC","Date":"2022-04-12T23:59:00Z","Granularity":60,"AddressMin100Count":null,"AddressMin10Count":null,"AddressNonZeroCount":null,"AdjusedSupply":null,"ActiveAddresses":"1001863.000","AverageTransactionFee":"0.000","AverageTransactionFeeUSD":"1.540","AverageBlockSize":"1253908.000","AverageConfirmationTime":null,"AverageTimeBetweenTransactions":"571.621","BlockSize":"1253908.000","BlockNumber":"731619.000","BlockCount":"153.000","BlockHeight":"731619.000","BlockIntervalMean":"571.621","BlockIntervalMedian":"328.000","CirculatingSupply":"19010125.000","Close":"40127.184","CostPerTransaction":null,"CostPerTransactionPercent":null,"Difficulty":"122780899170185000000000.000","EstimatedTransactionVolumeUSD":null,"EstimatedTransactionVolume":null,"FeesPerTransaction":null,"FeeRatioMultiple":null,"High":"40617.586","HoldTime":null,"HashRate":"218261837.460","MaxHeight":null,"MarketCap":"763609276918.511","MarketPrice":null,"MedianConfirmationTime":null,"MemPoolCount":null,"MemPoolGrowth":null,"MemPoolSize":null,"MemPoolStateByFeeLevel":null,"MinersRevenueBtc":null,"MinersRevenue":null,"MinersRewards":"956.250","Mvrv":null,"MyWallNUsers":null,"Low":"39388.328","NewAddresses":"442223.000","NBlocksMined":null,"NextRetarget":null,"BlocksTotal":null,"Payments":null,"PaymentsPerBlock":null,"Nvt":null,"Nvts":null,"Open":"39533.715","Popularity":null,"MarketCapThermocapRatio":null,"Transactions":"278839.000","Thremocap":null,"TransactionsExcludingPopular":null,"TransactionsPerBlock":null,"TotalSupply":null,"TradeVolume":"5024041.897","TradeVolumeUSD":"200812939130.734","TransactionFees":"10.710","TransactionFeesUSD":"428265.830","TransfersFromExchangesCount":null,"TransfersToExchangesCount":null,"TransactionsPerSecond":null,"UniqueAddresses":"982093564.000","UtxoCount":null,"Velocity":null,"Volume":"30991500854.000","VolumeFrom":null,"VolumeTo":null,"RevenueFromFees":null,"SendingCount":"639006.000","ReceivingCount":"683511.000","TransfersCount":null,"Properties":{"twitter_negative":"971.000","VolumeSum":"10.715","VolumneMean":"0.000","ZeroBalance":"501683.000","twitter_neutral":"12747.000","AdjustedClose":"40127.184","PurposeEtcAumSum":"1200000000.000","twitter_positive":"4269.000","PurposeEtfFlowsSum":"-1833.299","SupplyActiveOneYearPercent":"0.636","PurposeEtfHoldingsSum":"30960.091","VolumneMedian":"0.000","BlockSizeMean":"1253908.451","TransactionCount":"278686.000","TransactionRate":"3.226"}}