{"Name":null,"Ticker":"BTC","Date":"2022-04-23T23:59:00Z","Granularity":60,"AddressMin100Count":null,"AddressMin10Count":null,"AddressNonZeroCount":null,"AdjusedSupply":null,"ActiveAddresses":"16130.000","AverageTransactionFee":"0.000","AverageTransactionFeeUSD":"1.380","AverageBlockSize":"953027.000","AverageConfirmationTime":null,"AverageTimeBetweenTransactions":"513.239","BlockSize":"1763055.000","BlockNumber":"733239.000","BlockCount":"2.000","BlockHeight":"733239.000","BlockIntervalMean":"700.000","BlockIntervalMedian":"245.000","CirculatingSupply":"19020250.000","Close":"39446.681","CostPerTransaction":null,"CostPerTransactionPercent":null,"Difficulty":"121229438308697000000000.000","EstimatedTransactionVolumeUSD":null,"EstimatedTransactionVolume":null,"FeesPerTransaction":null,"FeeRatioMultiple":null,"High":"39550.595","HoldTime":null,"HashRate":"173184911869568000000.000","MaxHeight":null,"MarketCap":"751045477435.140","MarketPrice":null,"MedianConfirmationTime":null,"MemPoolCount":null,"MemPoolGrowth":null,"MemPoolSize":null,"MemPoolStateByFeeLevel":null,"MinersRevenueBtc":null,"MinersRevenue":null,"MinersRewards":"1018.750","Mvrv":null,"MyWallNUsers":null,"Low":"39429.913","NewAddresses":"6357.000","NBlocksMined":null,"NextRetarget":null,"BlocksTotal":null,"Payments":null,"PaymentsPerBlock":null,"Nvt":null,"Nvts":null,"Open":"39540.884","Popularity":null,"MarketCapThermocapRatio":null,"Transactions":"234978.000","Thremocap":null,"TransactionsExcludingPopular":null,"TransactionsPerBlock":null,"TotalSupply":null,"TradeVolume":"31661.975","TradeVolumeUSD":"186393181592.944","TransactionFees":"8.200","TransactionFeesUSD":"325231.510","TransfersFromExchangesCount":null,"TransfersToExchangesCount":null,"TransactionsPerSecond":null,"UniqueAddresses":"968633442.000","UtxoCount":null,"Velocity":null,"Volume":"16138021249.000","VolumeFrom":null,"VolumeTo":null,"RevenueFromFees":null,"SendingCount":"6494.000","ReceivingCount":"10593.000","TransfersCount":null,"Properties":{"twitter_negative":"457.000","VolumeSum":"8.203","VolumneMean":"0.000","ZeroBalance":"401691.000","twitter_neutral":"10972.000","AdjustedClose":"39486.730","PurposeEtcAumSum":"1200000000.000","twitter_positive":"3260.000","PurposeEtfFlowsSum":"0.000","SupplyActiveOneYearPercent":"0.641","PurposeEtfHoldingsSum":"30151.710","VolumneMedian":"0.000","BlockSizeMean":"953027.184","TransactionCount":"234815.000","TransactionRate":"2.718"}}