{"Name":null,"Ticker":"BTC","Date":"2022-06-20T23:59:00Z","Granularity":60,"AddressMin100Count":null,"AddressMin10Count":null,"AddressNonZeroCount":null,"AdjusedSupply":null,"ActiveAddresses":"834875.000","AverageTransactionFee":"0.000","AverageTransactionFeeUSD":"1.300","AverageBlockSize":"1130450.000","AverageConfirmationTime":null,"AverageTimeBetweenTransactions":"645.386","BlockSize":"1130450.000","BlockNumber":"741634.000","BlockCount":"132.000","BlockHeight":"741634.000","BlockIntervalMean":"645.470","BlockIntervalMedian":"417.000","CirculatingSupply":"19072718.750","Close":"20850.790","CostPerTransaction":null,"CostPerTransactionPercent":null,"Difficulty":"130065755402697000000000.000","EstimatedTransactionVolumeUSD":null,"EstimatedTransactionVolume":null,"FeesPerTransaction":null,"FeeRatioMultiple":null,"High":"20697.604","HoldTime":null,"HashRate":"200636034.499","MaxHeight":null,"MarketCap":"392888024958.720","MarketPrice":null,"MedianConfirmationTime":null,"MemPoolCount":null,"MemPoolGrowth":null,"MemPoolSize":null,"MemPoolStateByFeeLevel":null,"MinersRevenueBtc":null,"MinersRevenue":null,"MinersRewards":"825.000","Mvrv":null,"MyWallNUsers":null,"Low":"20548.866","NewAddresses":"371932.000","NBlocksMined":null,"NextRetarget":null,"BlocksTotal":null,"Payments":null,"PaymentsPerBlock":null,"Nvt":null,"Nvts":null,"Open":"20673.754","Popularity":null,"MarketCapThermocapRatio":null,"Transactions":"236636.000","Thremocap":null,"TransactionsExcludingPopular":null,"TransactionsPerBlock":null,"TotalSupply":null,"TradeVolume":"4424192.444","TradeVolumeUSD":"89882645810.043","TransactionFees":"15.160","TransactionFeesUSD":"307982.870","TransfersFromExchangesCount":null,"TransfersToExchangesCount":null,"TransactionsPerSecond":null,"UniqueAddresses":"1010144227.000","UtxoCount":null,"Velocity":null,"Volume":"21577634.720","VolumeFrom":null,"VolumeTo":null,"RevenueFromFees":null,"SendingCount":"518133.000","ReceivingCount":"606043.000","TransfersCount":null,"Properties":{"twitter_negative":"818.000","VolumeSum":"15.159","VolumneMean":"0.000","ZeroBalance":"385221.000","twitter_neutral":"10346.000","AdjustedClose":"20599.537","PurposeEtcAumSum":"466100000.000","twitter_positive":"3208.000","PurposeEtfFlowsSum":"-34.943","SupplyActiveOneYearPercent":"0.650","PurposeEtfHoldingsSum":"23272.924","VolumneMedian":"0.000","BlockSizeMean":"1130450.083","TransactionCount":"236504.000","TransactionRate":"2.737"}}