{"Name":null,"Ticker":"BTC","Date":"2022-06-26T23:59:00Z","Granularity":60,"AddressMin100Count":null,"AddressMin10Count":null,"AddressNonZeroCount":null,"AdjusedSupply":null,"ActiveAddresses":"715607.000","AverageTransactionFee":"0.000","AverageTransactionFeeUSD":"1.320","AverageBlockSize":"1271307.000","AverageConfirmationTime":null,"AverageTimeBetweenTransactions":"625.783","BlockSize":"1271307.000","BlockNumber":"742483.000","BlockCount":"138.000","BlockHeight":"742483.000","BlockIntervalMean":"625.783","BlockIntervalMedian":"483.000","CirculatingSupply":"19078025.000","Close":"21027.295","CostPerTransaction":null,"CostPerTransactionPercent":null,"Difficulty":"127002907230362000000000.000","EstimatedTransactionVolumeUSD":null,"EstimatedTransactionVolume":null,"FeesPerTransaction":null,"FeeRatioMultiple":null,"High":"21783.725","HoldTime":null,"HashRate":"202870581.472","MaxHeight":null,"MarketCap":"401345272987.392","MarketPrice":null,"MedianConfirmationTime":null,"MemPoolCount":null,"MemPoolGrowth":null,"MemPoolSize":null,"MemPoolStateByFeeLevel":null,"MinersRevenueBtc":null,"MinersRevenue":null,"MinersRewards":"862.500","Mvrv":null,"MyWallNUsers":null,"Low":"21016.270","NewAddresses":"329989.000","NBlocksMined":null,"NextRetarget":null,"BlocksTotal":null,"Payments":null,"PaymentsPerBlock":null,"Nvt":null,"Nvts":null,"Open":"21496.494","Popularity":null,"MarketCapThermocapRatio":null,"Transactions":"206755.000","Thremocap":null,"TransactionsExcludingPopular":null,"TransactionsPerBlock":null,"TotalSupply":null,"TradeVolume":"1372513.546","TradeVolumeUSD":"29388712980.358","TransactionFees":"12.740","TransactionFeesUSD":"272785.290","TransfersFromExchangesCount":null,"TransfersToExchangesCount":null,"TransactionsPerSecond":null,"UniqueAddresses":"1012448432.000","UtxoCount":null,"Velocity":null,"Volume":"18027170497.000","VolumeFrom":null,"VolumeTo":null,"RevenueFromFees":null,"SendingCount":"417990.000","ReceivingCount":"528309.000","TransfersCount":null,"Properties":{"twitter_negative":"1118.000","VolumeSum":"12.740","VolumneMean":"0.000","ZeroBalance":"290360.000","twitter_neutral":"17153.000","AdjustedClose":"21027.295","PurposeEtcAumSum":"495700000.000","twitter_positive":"5586.000","PurposeEtfFlowsSum":"0.000","SupplyActiveOneYearPercent":"0.649","PurposeEtfHoldingsSum":"23334.989","VolumneMedian":"0.000","BlockSizeMean":"1271307.935","TransactionCount":"206617.000","TransactionRate":"2.391"}}