{"Name":null,"Ticker":"BTC","Date":"2022-08-15T22:14:59Z","Granularity":60,"AddressMin100Count":null,"AddressMin10Count":null,"AddressNonZeroCount":null,"AdjusedSupply":null,"ActiveAddresses":"57467.000","AverageTransactionFee":"0.000","AverageTransactionFeeUSD":"1.060","AverageBlockSize":"1185214.000","AverageConfirmationTime":null,"AverageTimeBetweenTransactions":"593.476","BlockSize":"9999703.000","BlockNumber":"749612.000","BlockCount":"6.000","BlockHeight":"749609.000","BlockIntervalMean":"501.667","BlockIntervalMedian":"169.000","CirculatingSupply":"19122562.500","Close":"24045.834","CostPerTransaction":null,"CostPerTransactionPercent":null,"Difficulty":"121009279702780000000000.000","EstimatedTransactionVolumeUSD":null,"EstimatedTransactionVolume":null,"FeesPerTransaction":null,"FeeRatioMultiple":null,"High":"24045.834","HoldTime":null,"HashRate":"241214511035442000000.000","MaxHeight":null,"MarketCap":"461758855843.706","MarketPrice":null,"MedianConfirmationTime":null,"MemPoolCount":null,"MemPoolGrowth":null,"MemPoolSize":null,"MemPoolStateByFeeLevel":null,"MinersRevenueBtc":null,"MinersRevenue":null,"MinersRewards":"906.250","Mvrv":null,"MyWallNUsers":null,"Low":"24045.834","NewAddresses":"13903.000","NBlocksMined":null,"NextRetarget":null,"BlocksTotal":null,"Payments":null,"PaymentsPerBlock":null,"Nvt":null,"Nvts":null,"Open":"24045.834","Popularity":null,"MarketCapThermocapRatio":null,"Transactions":"241934.000","Thremocap":null,"TransactionsExcludingPopular":null,"TransactionsPerBlock":null,"TotalSupply":null,"TradeVolume":"168528.479","TradeVolumeUSD":"84442905209.430","TransactionFees":"10.520","TransactionFeesUSD":"257590.570","TransfersFromExchangesCount":null,"TransfersToExchangesCount":null,"TransactionsPerSecond":null,"UniqueAddresses":"1013436543.000","UtxoCount":null,"Velocity":null,"Volume":"23724139.060","VolumeFrom":null,"VolumeTo":null,"RevenueFromFees":null,"SendingCount":"36978.000","ReceivingCount":"24732.000","TransfersCount":null,"Properties":{"twitter_negative":"1108.000","VolumeSum":"10.517","VolumneMean":"0.000","ZeroBalance":"461518.000","twitter_neutral":"28037.000","AdjustedClose":"24136.973","PurposeEtcAumSum":"576400000.000","twitter_positive":"6062.000","PurposeEtfFlowsSum":"-2208.666","SupplyActiveOneYearPercent":"0.657","PurposeEtfHoldingsSum":"24104.230","VolumneMedian":"0.000","BlockSizeMean":"1185214.379","TransactionCount":"241789.000","TransactionRate":"2.798"}}