{"Name":null,"Ticker":"BTC","Date":"2009-01-10T23:59:00Z","Granularity":60,"AddressMin100Count":"0","AddressMin10Count":"76","AddressNonZeroCount":"76","AdjusedSupply":"3800","ActiveAddresses":"61","AverageTransactionFee":"0","AverageTransactionFeeUSD":"0","AverageBlockSize":"215","AverageConfirmationTime":null,"AverageTimeBetweenTransactions":"2561.196721311476","BlockSize":"13129","BlockNumber":"75","BlockCount":"61","BlockHeight":"75","BlockIntervalMean":"2561.19672131148","BlockIntervalMedian":"667","CirculatingSupply":"3800","Close":"0","CostPerTransaction":null,"CostPerTransactionPercent":null,"Difficulty":"4294967296","EstimatedTransactionVolumeUSD":null,"EstimatedTransactionVolume":null,"FeesPerTransaction":null,"FeeRatioMultiple":null,"High":"0","HoldTime":null,"HashRate":"1676937.68317833","MaxHeight":null,"MarketCap":null,"MarketPrice":null,"MedianConfirmationTime":null,"MemPoolCount":null,"MemPoolGrowth":null,"MemPoolSize":null,"MemPoolStateByFeeLevel":null,"MinersRevenueBtc":null,"MinersRevenue":null,"MinersRewards":"3050","Mvrv":null,"MyWallNUsers":null,"Low":"0","NewAddresses":"61","NBlocksMined":null,"NextRetarget":null,"BlocksTotal":null,"Payments":null,"PaymentsPerBlock":null,"Nvt":null,"Nvts":null,"Open":"0","Popularity":null,"MarketCapThermocapRatio":null,"Transactions":"61","Thremocap":null,"TransactionsExcludingPopular":null,"TransactionsPerBlock":null,"TotalSupply":null,"TradeVolume":"0","TradeVolumeUSD":"0","TransactionFees":"0","TransactionFeesUSD":"0","TransfersFromExchangesCount":null,"TransfersToExchangesCount":null,"TransactionsPerSecond":null,"UniqueAddresses":"76","UtxoCount":null,"Velocity":null,"Volume":null,"VolumeFrom":null,"VolumeTo":null,"RevenueFromFees":"0","SendingCount":"0","ReceivingCount":"0","TransfersCount":null,"Properties":{"BlockIntervalMedian":"667","AddressMin10Count":"76","AddressMin100Count":"0","BlockHeight":"75","VolumeSum":"0","TransactionRate":"0","VolumneMedian":"0","RevenueFromFees":"0","BlockIntervalMean":"2561.19672131148","VolumneMean":"0","BlockCount":"61","AdjusedSupply":"3800","AddressNonZeroCount":"76","BlockSizeMean":"215.229508196721","TransactionCount":"0","SupplyActiveOneYearPercent":"0"}}