{"Name":null,"Ticker":"BTC","Date":"2022-07-20T23:59:00Z","Granularity":60,"AddressMin100Count":null,"AddressMin10Count":null,"AddressNonZeroCount":null,"AdjusedSupply":null,"ActiveAddresses":"75897.000","AverageTransactionFee":"0.000","AverageTransactionFeeUSD":"2.330","AverageBlockSize":"1374580.000","AverageConfirmationTime":null,"AverageTimeBetweenTransactions":"697.381","BlockSize":"10846084.000","BlockNumber":"745811.000","BlockCount":"8.000","BlockHeight":"745811.000","BlockIntervalMean":"455.000","BlockIntervalMedian":"413.000","CirculatingSupply":"19098825.000","Close":"23226.773","CostPerTransaction":null,"CostPerTransactionPercent":null,"Difficulty":"125210317468396000000000.000","EstimatedTransactionVolumeUSD":null,"EstimatedTransactionVolume":null,"FeesPerTransaction":null,"FeeRatioMultiple":null,"High":"23403.280","HoldTime":null,"HashRate":"275187510919551000000.000","MaxHeight":null,"MarketCap":"443696738856.270","MarketPrice":null,"MedianConfirmationTime":null,"MemPoolCount":null,"MemPoolGrowth":null,"MemPoolSize":null,"MemPoolStateByFeeLevel":null,"MinersRevenueBtc":null,"MinersRevenue":null,"MinersRewards":"787.500","Mvrv":null,"MyWallNUsers":null,"Low":"23186.659","NewAddresses":"22165.000","NBlocksMined":null,"NextRetarget":null,"BlocksTotal":null,"Payments":null,"PaymentsPerBlock":null,"Nvt":null,"Nvts":null,"Open":"23373.472","Popularity":null,"MarketCapThermocapRatio":null,"Transactions":"260195.000","Thremocap":null,"TransactionsExcludingPopular":null,"TransactionsPerBlock":null,"TotalSupply":null,"TradeVolume":"72682.452","TradeVolumeUSD":"60745319985.105","TransactionFees":"25.640","TransactionFeesUSD":"605181.740","TransfersFromExchangesCount":null,"TransfersToExchangesCount":null,"TransactionsPerSecond":null,"UniqueAddresses":"1003392170.000","UtxoCount":null,"Velocity":null,"Volume":"42932549127.000","VolumeFrom":null,"VolumeTo":null,"RevenueFromFees":null,"SendingCount":"45622.000","ReceivingCount":"37108.000","TransfersCount":null,"Properties":{"twitter_negative":"1467.000","VolumeSum":"25.644","VolumneMean":"0.000","ZeroBalance":"417527.000","twitter_neutral":"22911.000","AdjustedClose":"23231.732","PurposeEtcAumSum":"555800000.000","twitter_positive":"6288.000","PurposeEtfFlowsSum":"25.727","SupplyActiveOneYearPercent":"0.646","PurposeEtfHoldingsSum":"23394.804","VolumneMedian":"0.000","BlockSizeMean":"1374580.651","TransactionCount":"260069.000","TransactionRate":"3.010"}}