{"Name":null,"Ticker":"BTC","Date":"2022-01-20T23:59:00Z","Granularity":60,"AddressMin100Count":null,"AddressMin10Count":null,"AddressNonZeroCount":null,"AdjusedSupply":null,"ActiveAddresses":"958119.000","AverageTransactionFee":"0.000","AverageTransactionFeeUSD":"1.540","AverageBlockSize":"1026111.000","AverageConfirmationTime":null,"AverageTimeBetweenTransactions":"510.692","BlockSize":"1026111.000","BlockNumber":"719693.000","BlockCount":"169.000","BlockHeight":"719693.000","BlockIntervalMean":"510.734","BlockIntervalMedian":"390.000","CirculatingSupply":"18935587.500","Close":"40695.209","CostPerTransaction":null,"CostPerTransactionPercent":null,"Difficulty":"104676404410827000000000.000","EstimatedTransactionVolumeUSD":null,"EstimatedTransactionVolume":null,"FeesPerTransaction":null,"FeeRatioMultiple":null,"High":"40885.576","HoldTime":null,"HashRate":"204841420.396","MaxHeight":null,"MarketCap":"770304579439.020","MarketPrice":null,"MedianConfirmationTime":null,"MemPoolCount":null,"MemPoolGrowth":null,"MemPoolSize":null,"MemPoolStateByFeeLevel":null,"MinersRevenueBtc":null,"MinersRevenue":null,"MinersRewards":"1056.250","Mvrv":null,"MyWallNUsers":null,"Low":"40577.103","NewAddresses":"439190.000","NBlocksMined":null,"NextRetarget":null,"BlocksTotal":null,"Payments":null,"PaymentsPerBlock":null,"Nvt":null,"Nvts":null,"Open":"40878.031","Popularity":null,"MarketCapThermocapRatio":null,"Transactions":"271265.000","Thremocap":null,"TransactionsExcludingPopular":null,"TransactionsPerBlock":null,"TotalSupply":null,"TradeVolume":"3530846.432","TradeVolumeUSD":"148432299827.864","TransactionFees":"9.940","TransactionFeesUSD":"418017.370","TransfersFromExchangesCount":null,"TransfersToExchangesCount":null,"TransactionsPerSecond":null,"UniqueAddresses":"947970436.000","UtxoCount":null,"Velocity":null,"Volume":"20382033940.000","VolumeFrom":null,"VolumeTo":null,"RevenueFromFees":null,"SendingCount":"587057.000","ReceivingCount":"683606.000","TransfersCount":null,"Properties":{"twitter_negative":"359.000","VolumeSum":"9.944","VolumneMean":"0.000","ZeroBalance":"450097.000","twitter_neutral":"6642.000","AdjustedClose":"40680.418","PurposeEtcAumSum":"1300000000.000","twitter_positive":"2925.000","PurposeEtfFlowsSum":"139.971","SupplyActiveOneYearPercent":"0.592","PurposeEtfHoldingsSum":"29415.593","VolumneMedian":"0.000","BlockSizeMean":"1026111.538","TransactionCount":"271096.000","TransactionRate":"3.138"}}