{"Name":null,"Ticker":"BTC","Date":"2009-01-23T23:59:00Z","Granularity":60,"AddressMin100Count":"8","AddressMin10Count":"1426","AddressNonZeroCount":"1428","AdjusedSupply":"73550","ActiveAddresses":"11","AverageTransactionFee":null,"AverageTransactionFeeUSD":null,"AverageBlockSize":null,"AverageConfirmationTime":null,"AverageTimeBetweenTransactions":null,"BlockSize":"19256","BlockNumber":null,"BlockCount":"84","BlockHeight":"1470","BlockIntervalMean":"1028.83333333333","BlockIntervalMedian":"403","CirculatingSupply":"73550","Close":"0","CostPerTransaction":null,"CostPerTransactionPercent":null,"Difficulty":"4294967296","EstimatedTransactionVolumeUSD":null,"EstimatedTransactionVolume":null,"FeesPerTransaction":null,"FeeRatioMultiple":null,"High":"0","HoldTime":null,"HashRate":"4174599.67212053","MaxHeight":null,"MarketCap":null,"MarketPrice":null,"MedianConfirmationTime":null,"MemPoolCount":null,"MemPoolGrowth":null,"MemPoolSize":null,"MemPoolStateByFeeLevel":null,"MinersRevenueBtc":null,"MinersRevenue":null,"MinersRewards":null,"Mvrv":null,"MyWallNUsers":null,"Low":"0","NewAddresses":"85","NBlocksMined":null,"NextRetarget":null,"BlocksTotal":null,"Payments":null,"PaymentsPerBlock":null,"Nvt":null,"Nvts":null,"Open":"0","Popularity":null,"MarketCapThermocapRatio":null,"Transactions":null,"Thremocap":null,"TransactionsExcludingPopular":null,"TransactionsPerBlock":null,"TotalSupply":null,"TradeVolume":"450","TradeVolumeUSD":null,"TransactionFees":null,"TransactionFeesUSD":null,"TransfersFromExchangesCount":null,"TransfersToExchangesCount":null,"TransactionsPerSecond":null,"UniqueAddresses":"1492","UtxoCount":null,"Velocity":null,"Volume":null,"VolumeFrom":null,"VolumeTo":null,"RevenueFromFees":"0","SendingCount":"9","ReceivingCount":"2","TransfersCount":null,"Properties":{"VolumneMedian":"0","VolumeSum":"0","BlockSizeMean":"229.238095238095","VolumneMean":"0","SupplyActiveOneYearPercent":"0","TransactionCount":"2","TransactionRate":"0.000023148148148148147"}}