{"Name":null,"Ticker":"BTC","Date":"2022-01-14T23:59:00Z","Granularity":60,"AddressMin100Count":null,"AddressMin10Count":null,"AddressNonZeroCount":null,"AdjusedSupply":null,"ActiveAddresses":"70446.000","AverageTransactionFee":"0.000","AverageTransactionFeeUSD":"1.520","AverageBlockSize":"1151093.000","AverageConfirmationTime":null,"AverageTimeBetweenTransactions":"543.113","BlockSize":"9340918.000","BlockNumber":"718713.000","BlockCount":"9.000","BlockHeight":"718713.000","BlockIntervalMean":"397.444","BlockIntervalMedian":"270.000","CirculatingSupply":"18929462.500","Close":"43091.311","CostPerTransaction":null,"CostPerTransactionPercent":null,"Difficulty":"104676404410827000000000.000","EstimatedTransactionVolumeUSD":null,"EstimatedTransactionVolume":null,"FeesPerTransaction":null,"FeeRatioMultiple":null,"High":"43100.981","HoldTime":null,"HashRate":"263373676180443000000.000","MaxHeight":null,"MarketCap":"815850639036.090","MarketPrice":null,"MedianConfirmationTime":null,"MemPoolCount":null,"MemPoolGrowth":null,"MemPoolSize":null,"MemPoolStateByFeeLevel":null,"MinersRevenueBtc":null,"MinersRevenue":null,"MinersRewards":"993.750","Mvrv":null,"MyWallNUsers":null,"Low":"43029.098","NewAddresses":"26123.000","NBlocksMined":null,"NextRetarget":null,"BlocksTotal":null,"Payments":null,"PaymentsPerBlock":null,"Nvt":null,"Nvts":null,"Open":"43048.521","Popularity":null,"MarketCapThermocapRatio":null,"Transactions":"270882.000","Thremocap":null,"TransactionsExcludingPopular":null,"TransactionsPerBlock":null,"TotalSupply":null,"TradeVolume":"297734.607","TradeVolumeUSD":"164992816634.442","TransactionFees":"9.670","TransactionFeesUSD":"412161.890","TransfersFromExchangesCount":null,"TransfersToExchangesCount":null,"TransactionsPerSecond":null,"UniqueAddresses":"928213384.000","UtxoCount":null,"Velocity":null,"Volume":"23577403399.000","VolumeFrom":null,"VolumeTo":null,"RevenueFromFees":null,"SendingCount":"36346.000","ReceivingCount":"43634.000","TransfersCount":null,"Properties":{"twitter_negative":"416.000","VolumeSum":"9.669","VolumneMean":"0.000","ZeroBalance":"499174.000","twitter_neutral":"8217.000","AdjustedClose":"43099.699","PurposeEtcAumSum":"1300000000.000","twitter_positive":"3692.000","PurposeEtfFlowsSum":"4.130","SupplyActiveOneYearPercent":"0.587","PurposeEtfHoldingsSum":"29339.653","VolumneMedian":"0.000","BlockSizeMean":"1151093.987","TransactionCount":"270723.000","TransactionRate":"3.133"}}