{"Name":null,"Ticker":"BTC","Date":"2022-03-02T23:59:00Z","Granularity":60,"AddressMin100Count":null,"AddressMin10Count":null,"AddressNonZeroCount":null,"AdjusedSupply":null,"ActiveAddresses":"1100872.000","AverageTransactionFee":"0.000","AverageTransactionFeeUSD":"4.480","AverageBlockSize":"1522395.000","AverageConfirmationTime":null,"AverageTimeBetweenTransactions":"634.875","BlockSize":"1522395.000","BlockNumber":"725652.000","BlockCount":"136.000","BlockHeight":"725652.000","BlockIntervalMean":"634.875","BlockIntervalMedian":"414.000","CirculatingSupply":"18972831.250","Close":"43940.584","CostPerTransaction":null,"CostPerTransactionPercent":null,"Difficulty":"120118005489049000000000.000","EstimatedTransactionVolumeUSD":null,"EstimatedTransactionVolume":null,"FeesPerTransaction":null,"FeeRatioMultiple":null,"High":"43984.016","HoldTime":null,"HashRate":"189697726.344","MaxHeight":null,"MarketCap":"833361543694.830","MarketPrice":null,"MedianConfirmationTime":null,"MemPoolCount":null,"MemPoolGrowth":null,"MemPoolSize":null,"MemPoolStateByFeeLevel":null,"MinersRevenueBtc":null,"MinersRevenue":null,"MinersRewards":"850.000","Mvrv":null,"MyWallNUsers":null,"Low":"43883.243","NewAddresses":"464318.000","NBlocksMined":null,"NextRetarget":null,"BlocksTotal":null,"Payments":null,"PaymentsPerBlock":null,"Nvt":null,"Nvts":null,"Open":"43958.199","Popularity":null,"MarketCapThermocapRatio":null,"Transactions":"288657.000","Thremocap":null,"TransactionsExcludingPopular":null,"TransactionsPerBlock":null,"TotalSupply":null,"TradeVolume":"3629538.710","TradeVolumeUSD":"160530323165.552","TransactionFees":"29.270","TransactionFeesUSD":"1294400.700","TransfersFromExchangesCount":null,"TransfersToExchangesCount":null,"TransactionsPerSecond":null,"UniqueAddresses":"964865900.000","UtxoCount":null,"Velocity":null,"Volume":"29183112630.000","VolumeFrom":null,"VolumeTo":null,"RevenueFromFees":null,"SendingCount":"704946.000","ReceivingCount":"731814.000","TransfersCount":null,"Properties":{"twitter_negative":"574.000","VolumeSum":"29.266","VolumneMean":"0.000","ZeroBalance":"534827.000","twitter_neutral":"8732.000","AdjustedClose":"43924.117","PurposeEtcAumSum":"1500000000.000","twitter_positive":"4391.000","PurposeEtfFlowsSum":"1010.151","SupplyActiveOneYearPercent":"0.618","PurposeEtfHoldingsSum":"34511.657","VolumneMedian":"0.000","BlockSizeMean":"1522395.632","TransactionCount":"288521.000","TransactionRate":"3.339"}}