{"Name":null,"Ticker":"BTC","Date":"2022-04-19T23:59:00Z","Granularity":60,"AddressMin100Count":null,"AddressMin10Count":null,"AddressNonZeroCount":null,"AdjusedSupply":null,"ActiveAddresses":"29134.000","AverageTransactionFee":"0.000","AverageTransactionFeeUSD":"1.410","AverageBlockSize":"1359555.000","AverageConfirmationTime":null,"AverageTimeBetweenTransactions":"707.774","BlockSize":"2916393.000","BlockNumber":"732612.000","BlockCount":"2.000","BlockHeight":"732612.000","BlockIntervalMean":"2023.500","BlockIntervalMedian":"1543.000","CirculatingSupply":"19016331.250","Close":"41508.008","CostPerTransaction":null,"CostPerTransactionPercent":null,"Difficulty":"121229438308697000000000.000","EstimatedTransactionVolumeUSD":null,"EstimatedTransactionVolume":null,"FeesPerTransaction":null,"FeeRatioMultiple":null,"High":"41545.076","HoldTime":null,"HashRate":"59910767634641700000.000","MaxHeight":null,"MarketCap":"789227424712.820","MarketPrice":null,"MedianConfirmationTime":null,"MemPoolCount":null,"MemPoolGrowth":null,"MemPoolSize":null,"MemPoolStateByFeeLevel":null,"MinersRevenueBtc":null,"MinersRevenue":null,"MinersRewards":"775.000","Mvrv":null,"MyWallNUsers":null,"Low":"41465.150","NewAddresses":"13893.000","NBlocksMined":null,"NextRetarget":null,"BlocksTotal":null,"Payments":null,"PaymentsPerBlock":null,"Nvt":null,"Nvts":null,"Open":"41483.537","Popularity":null,"MarketCapThermocapRatio":null,"Transactions":"273168.000","Thremocap":null,"TransactionsExcludingPopular":null,"TransactionsPerBlock":null,"TotalSupply":null,"TradeVolume":"102097.003","TradeVolumeUSD":"204728109758.027","TransactionFees":"9.370","TransactionFeesUSD":"385772.420","TransfersFromExchangesCount":null,"TransfersToExchangesCount":null,"TransactionsPerSecond":null,"UniqueAddresses":"966962833.000","UtxoCount":null,"Velocity":null,"Volume":"25303206547.000","VolumeFrom":null,"VolumeTo":null,"RevenueFromFees":null,"SendingCount":"9530.000","ReceivingCount":"22427.000","TransfersCount":null,"Properties":{"twitter_negative":"580.000","VolumeSum":"9.370","VolumneMean":"0.000","ZeroBalance":"443010.000","twitter_neutral":"10808.000","AdjustedClose":"41502.750","PurposeEtcAumSum":"1200000000.000","twitter_positive":"4350.000","PurposeEtfFlowsSum":"119.250","SupplyActiveOneYearPercent":"0.640","PurposeEtfHoldingsSum":"30036.495","VolumneMedian":"0.000","BlockSizeMean":"1359555.056","TransactionCount":"273044.000","TransactionRate":"3.160"}}