{"Name":null,"Ticker":"BTC","Date":"2022-04-15T23:59:00Z","Granularity":60,"AddressMin100Count":null,"AddressMin10Count":null,"AddressNonZeroCount":null,"AdjusedSupply":null,"ActiveAddresses":"898503.000","AverageTransactionFee":"0.000","AverageTransactionFeeUSD":"1.400","AverageBlockSize":"1011750.000","AverageConfirmationTime":null,"AverageTimeBetweenTransactions":"546.658","BlockSize":"1011750.000","BlockNumber":"732055.000","BlockCount":"138.000","BlockHeight":"732035.000","BlockIntervalMean":"531.543","BlockIntervalMedian":"412.000","CirculatingSupply":"19012725.000","Close":"40573.773","CostPerTransaction":null,"CostPerTransactionPercent":null,"Difficulty":"121229438308697000000000.000","EstimatedTransactionVolumeUSD":null,"EstimatedTransactionVolume":null,"FeesPerTransaction":null,"FeeRatioMultiple":null,"High":"40606.186","HoldTime":null,"HashRate":"221682819.275","MaxHeight":null,"MarketCap":"771033872659.180","MarketPrice":null,"MedianConfirmationTime":null,"MemPoolCount":null,"MemPoolGrowth":null,"MemPoolSize":null,"MemPoolStateByFeeLevel":null,"MinersRevenueBtc":null,"MinersRevenue":null,"MinersRewards":"987.500","Mvrv":null,"MyWallNUsers":null,"Low":"40545.199","NewAddresses":"427259.000","NBlocksMined":null,"NextRetarget":null,"BlocksTotal":null,"Payments":null,"PaymentsPerBlock":null,"Nvt":null,"Nvts":null,"Open":"40586.140","Popularity":null,"MarketCapThermocapRatio":null,"Transactions":"254831.000","Thremocap":null,"TransactionsExcludingPopular":null,"TransactionsPerBlock":null,"TotalSupply":null,"TradeVolume":"4131532.486","TradeVolumeUSD":"166459361217.912","TransactionFees":"8.860","TransactionFeesUSD":"357096.330","TransfersFromExchangesCount":null,"TransfersToExchangesCount":null,"TransactionsPerSecond":null,"UniqueAddresses":"983380273.000","UtxoCount":null,"Velocity":null,"Volume":"21756855753.000","VolumeFrom":null,"VolumeTo":null,"RevenueFromFees":null,"SendingCount":"535208.000","ReceivingCount":"666973.000","TransfersCount":null,"Properties":{"twitter_negative":"477.000","VolumeSum":"7.651","VolumneMean":"0.000","ZeroBalance":"402409.000","twitter_neutral":"10509.000","AdjustedClose":"40553.465","PurposeEtcAumSum":"1200000000.000","twitter_positive":"4135.000","PurposeEtfFlowsSum":"0.000","SupplyActiveOneYearPercent":"0.638","PurposeEtfHoldingsSum":"30678.448","VolumneMedian":"0.000","BlockSizeMean":"1003400.841","TransactionCount":"216079.000","TransactionRate":"2.501"}}