{"Name":null,"Ticker":"BTC","Date":"2022-08-10T23:59:00Z","Granularity":60,"AddressMin100Count":null,"AddressMin10Count":null,"AddressNonZeroCount":null,"AdjusedSupply":null,"ActiveAddresses":"1033613.000","AverageTransactionFee":"0.000","AverageTransactionFeeUSD":"1.690","AverageBlockSize":"1360227.000","AverageConfirmationTime":null,"AverageTimeBetweenTransactions":"580.446","BlockSize":"1360227.000","BlockNumber":"748901.000","BlockCount":"148.000","BlockHeight":"748901.000","BlockIntervalMean":"580.446","BlockIntervalMedian":"385.000","CirculatingSupply":"19118137.500","Close":"23955.838","CostPerTransaction":null,"CostPerTransactionPercent":null,"Difficulty":"121009279702780000000000.000","EstimatedTransactionVolumeUSD":null,"EstimatedTransactionVolume":null,"FeesPerTransaction":null,"FeeRatioMultiple":null,"High":"23969.140","HoldTime":null,"HashRate":"208531518.426","MaxHeight":null,"MarketCap":"457833729141.910","MarketPrice":null,"MedianConfirmationTime":null,"MemPoolCount":null,"MemPoolGrowth":null,"MemPoolSize":null,"MemPoolStateByFeeLevel":null,"MinersRevenueBtc":null,"MinersRevenue":null,"MinersRewards":"925.000","Mvrv":null,"MyWallNUsers":null,"Low":"23896.633","NewAddresses":"408254.000","NBlocksMined":null,"NextRetarget":null,"BlocksTotal":null,"Payments":null,"PaymentsPerBlock":null,"Nvt":null,"Nvts":null,"Open":"23912.354","Popularity":null,"MarketCapThermocapRatio":null,"Transactions":"264566.000","Thremocap":null,"TransactionsExcludingPopular":null,"TransactionsPerBlock":null,"TotalSupply":null,"TradeVolume":"4707647.916","TradeVolumeUSD":"110373935983.142","TransactionFees":"19.060","TransactionFeesUSD":"446988.950","TransfersFromExchangesCount":null,"TransfersToExchangesCount":null,"TransactionsPerSecond":null,"UniqueAddresses":"1029894283.000","UtxoCount":null,"Velocity":null,"Volume":"32837431722.000","VolumeFrom":null,"VolumeTo":null,"RevenueFromFees":null,"SendingCount":"708964.000","ReceivingCount":"663558.000","TransfersCount":null,"Properties":{"twitter_negative":"1177.000","VolumeSum":"19.065","VolumneMean":"0.000","ZeroBalance":"550059.000","twitter_neutral":"26123.000","AdjustedClose":"23947.643","PurposeEtcAumSum":"616500000.000","twitter_positive":"7368.000","PurposeEtfFlowsSum":"1181.312","SupplyActiveOneYearPercent":"0.656","PurposeEtfHoldingsSum":"26079.628","VolumneMedian":"0.000","BlockSizeMean":"1360227.568","TransactionCount":"264418.000","TransactionRate":"3.060"}}