{"Name":null,"Ticker":"BTC","Date":"2022-07-15T23:59:00Z","Granularity":60,"AddressMin100Count":null,"AddressMin10Count":null,"AddressNonZeroCount":null,"AdjusedSupply":null,"ActiveAddresses":"74873.000","AverageTransactionFee":"0.000","AverageTransactionFeeUSD":"2.010","AverageBlockSize":"1351248.000","AverageConfirmationTime":null,"AverageTimeBetweenTransactions":"604.739","BlockSize":"9744026.000","BlockNumber":"745144.000","BlockCount":"6.000","BlockHeight":"745144.000","BlockIntervalMean":"765.167","BlockIntervalMedian":"272.000","CirculatingSupply":"19094656.250","Close":"20819.638","CostPerTransaction":null,"CostPerTransactionPercent":null,"Difficulty":"125210317468396000000000.000","EstimatedTransactionVolumeUSD":null,"EstimatedTransactionVolume":null,"FeesPerTransaction":null,"FeeRatioMultiple":null,"High":"20850.931","HoldTime":null,"HashRate":"163637966632623000000.000","MaxHeight":null,"MarketCap":"397861215081.440","MarketPrice":null,"MedianConfirmationTime":null,"MemPoolCount":null,"MemPoolGrowth":null,"MemPoolSize":null,"MemPoolStateByFeeLevel":null,"MinersRevenueBtc":null,"MinersRevenue":null,"MinersRewards":"887.500","Mvrv":null,"MyWallNUsers":null,"Low":"20808.173","NewAddresses":"26995.000","NBlocksMined":null,"NextRetarget":null,"BlocksTotal":null,"Payments":null,"PaymentsPerBlock":null,"Nvt":null,"Nvts":null,"Open":"20836.684","Popularity":null,"MarketCapThermocapRatio":null,"Transactions":"269269.000","Thremocap":null,"TransactionsExcludingPopular":null,"TransactionsPerBlock":null,"TotalSupply":null,"TradeVolume":"235584.654","TradeVolumeUSD":"75026082673.804","TransactionFees":"26.060","TransactionFeesUSD":"541593.630","TransfersFromExchangesCount":null,"TransfersToExchangesCount":null,"TransactionsPerSecond":null,"UniqueAddresses":"1001560770.000","UtxoCount":null,"Velocity":null,"Volume":"25905575359.000","VolumeFrom":null,"VolumeTo":null,"RevenueFromFees":null,"SendingCount":"36571.000","ReceivingCount":"44741.000","TransfersCount":null,"Properties":{"twitter_negative":"1140.000","VolumeSum":"26.064","VolumneMean":"0.000","ZeroBalance":"465186.000","twitter_neutral":"19329.000","AdjustedClose":"20836.328","PurposeEtcAumSum":"496600000.000","twitter_positive":"5851.000","PurposeEtfFlowsSum":"35.834","SupplyActiveOneYearPercent":"0.649","PurposeEtfHoldingsSum":"23419.726","VolumneMedian":"0.000","BlockSizeMean":"1351248.127","TransactionCount":"269127.000","TransactionRate":"3.115"}}