{"Name":null,"Ticker":"BTC","Date":"2022-05-15T23:59:00Z","Granularity":60,"AddressMin100Count":null,"AddressMin10Count":null,"AddressNonZeroCount":null,"AdjusedSupply":null,"ActiveAddresses":"38773.000","AverageTransactionFee":"0.000","AverageTransactionFeeUSD":"2.110","AverageBlockSize":"1530435.000","AverageConfirmationTime":null,"AverageTimeBetweenTransactions":"706.902","BlockSize":"4686136.000","BlockNumber":"736537.000","BlockCount":"3.000","BlockHeight":"736537.000","BlockIntervalMean":"1152.333","BlockIntervalMedian":"1268.000","CirculatingSupply":"19040862.500","Close":"31269.888","CostPerTransaction":null,"CostPerTransactionPercent":null,"Difficulty":"134222458329710000000000.000","EstimatedTransactionVolumeUSD":null,"EstimatedTransactionVolume":null,"FeesPerTransaction":null,"FeeRatioMultiple":null,"High":"31331.604","HoldTime":null,"HashRate":"116478847263272000000.000","MaxHeight":null,"MarketCap":"596074575228.330","MarketPrice":null,"MedianConfirmationTime":null,"MemPoolCount":null,"MemPoolGrowth":null,"MemPoolSize":null,"MemPoolStateByFeeLevel":null,"MinersRevenueBtc":null,"MinersRevenue":null,"MinersRewards":"762.500","Mvrv":null,"MyWallNUsers":null,"Low":"31181.977","NewAddresses":"13036.000","NBlocksMined":null,"NextRetarget":null,"BlocksTotal":null,"Payments":null,"PaymentsPerBlock":null,"Nvt":null,"Nvts":null,"Open":"31197.569","Popularity":null,"MarketCapThermocapRatio":null,"Transactions":"235433.000","Thremocap":null,"TransactionsExcludingPopular":null,"TransactionsPerBlock":null,"TotalSupply":null,"TradeVolume":"72271.866","TradeVolumeUSD":"85215008698.843","TransactionFees":"16.290","TransactionFeesUSD":"495658.660","TransfersFromExchangesCount":null,"TransfersToExchangesCount":null,"TransactionsPerSecond":null,"UniqueAddresses":"977810019.000","UtxoCount":null,"Velocity":null,"Volume":"25835372065.000","VolumeFrom":null,"VolumeTo":null,"RevenueFromFees":null,"SendingCount":"20366.000","ReceivingCount":"21271.000","TransfersCount":null,"Properties":{"twitter_negative":"689.000","VolumeSum":"16.286","VolumneMean":"0.000","ZeroBalance":"545974.000","twitter_neutral":"8213.000","AdjustedClose":"31305.113","PurposeEtcAumSum":"1100000000.000","twitter_positive":"2739.000","PurposeEtfFlowsSum":"0.000","SupplyActiveOneYearPercent":"0.651","PurposeEtfHoldingsSum":"36567.451","VolumneMedian":"0.000","BlockSizeMean":"1530435.787","TransactionCount":"235311.000","TransactionRate":"2.724"}}