{"Name":null,"Ticker":"BTC","Date":"2022-07-12T23:59:00Z","Granularity":60,"AddressMin100Count":null,"AddressMin10Count":null,"AddressNonZeroCount":null,"AdjusedSupply":null,"ActiveAddresses":"44600.000","AverageTransactionFee":"0.000","AverageTransactionFeeUSD":"1.240","AverageBlockSize":"1204294.000","AverageConfirmationTime":null,"AverageTimeBetweenTransactions":"570.079","BlockSize":"5825784.000","BlockNumber":"744768.000","BlockCount":"6.000","BlockHeight":"744768.000","BlockIntervalMean":"491.833","BlockIntervalMedian":"417.000","CirculatingSupply":"19092306.250","Close":"19299.573","CostPerTransaction":null,"CostPerTransactionPercent":null,"Difficulty":"125210317468396000000000.000","EstimatedTransactionVolumeUSD":null,"EstimatedTransactionVolume":null,"FeesPerTransaction":null,"FeeRatioMultiple":null,"High":"19387.906","HoldTime":null,"HashRate":"254578754595179000000.000","MaxHeight":null,"MarketCap":"368936762200.600","MarketPrice":null,"MedianConfirmationTime":null,"MemPoolCount":null,"MemPoolGrowth":null,"MemPoolSize":null,"MemPoolStateByFeeLevel":null,"MinersRevenueBtc":null,"MinersRevenue":null,"MinersRewards":"943.750","Mvrv":null,"MyWallNUsers":null,"Low":"19242.244","NewAddresses":"15978.000","NBlocksMined":null,"NextRetarget":null,"BlocksTotal":null,"Payments":null,"PaymentsPerBlock":null,"Nvt":null,"Nvts":null,"Open":"19357.754","Popularity":null,"MarketCapThermocapRatio":null,"Transactions":"275378.000","Thremocap":null,"TransactionsExcludingPopular":null,"TransactionsPerBlock":null,"TotalSupply":null,"TradeVolume":"172443.649","TradeVolumeUSD":"90439456739.994","TransactionFees":"17.360","TransactionFeesUSD":"340873.200","TransfersFromExchangesCount":null,"TransfersToExchangesCount":null,"TransactionsPerSecond":null,"UniqueAddresses":"1000386453.000","UtxoCount":null,"Velocity":null,"Volume":"25810220018.000","VolumeFrom":null,"VolumeTo":null,"RevenueFromFees":null,"SendingCount":"23411.000","ReceivingCount":"26065.000","TransfersCount":null,"Properties":{"twitter_negative":"1455.000","VolumeSum":"17.362","VolumneMean":"0.000","ZeroBalance":"477799.000","twitter_neutral":"22156.000","AdjustedClose":"19323.914","PurposeEtcAumSum":"454200000.000","twitter_positive":"6679.000","PurposeEtfFlowsSum":"16.528","SupplyActiveOneYearPercent":"0.648","PurposeEtfHoldingsSum":"23494.117","VolumneMedian":"0.000","BlockSizeMean":"1204294.735","TransactionCount":"275227.000","TransactionRate":"3.185"}}