{"Name":null,"Ticker":"BTC","Date":"2022-08-17T23:59:00Z","Granularity":60,"AddressMin100Count":null,"AddressMin10Count":null,"AddressNonZeroCount":null,"AdjusedSupply":null,"ActiveAddresses":"913886.000","AverageTransactionFee":"0.000","AverageTransactionFeeUSD":"1.410","AverageBlockSize":"1330205.000","AverageConfirmationTime":null,"AverageTimeBetweenTransactions":"672.147","BlockSize":"1330205.000","BlockNumber":"749889.000","BlockCount":"129.000","BlockHeight":"749889.000","BlockIntervalMean":"672.349","BlockIntervalMedian":"461.000","CirculatingSupply":"19124312.500","Close":"23335.998","CostPerTransaction":null,"CostPerTransactionPercent":null,"Difficulty":"121009279702780000000000.000","EstimatedTransactionVolumeUSD":null,"EstimatedTransactionVolume":null,"FeesPerTransaction":null,"FeeRatioMultiple":null,"High":"24407.059","HoldTime":null,"HashRate":"181113488.950","MaxHeight":null,"MarketCap":"445958778641.348","MarketPrice":null,"MedianConfirmationTime":null,"MemPoolCount":null,"MemPoolGrowth":null,"MemPoolSize":null,"MemPoolStateByFeeLevel":null,"MinersRevenueBtc":null,"MinersRevenue":null,"MinersRewards":"806.250","Mvrv":null,"MyWallNUsers":null,"Low":"23243.354","NewAddresses":"398958.000","NBlocksMined":null,"NextRetarget":null,"BlocksTotal":null,"Payments":null,"PaymentsPerBlock":null,"Nvt":null,"Nvts":null,"Open":"23881.316","Popularity":null,"MarketCapThermocapRatio":null,"Transactions":"256127.000","Thremocap":null,"TransactionsExcludingPopular":null,"TransactionsPerBlock":null,"TotalSupply":null,"TradeVolume":"3486262.954","TradeVolumeUSD":"83020401759.174","TransactionFees":"15.180","TransactionFeesUSD":"361531.080","TransfersFromExchangesCount":null,"TransfersToExchangesCount":null,"TransactionsPerSecond":null,"UniqueAddresses":"1032691704.000","UtxoCount":null,"Velocity":null,"Volume":"30931623076.000","VolumeFrom":null,"VolumeTo":null,"RevenueFromFees":null,"SendingCount":"566111.000","ReceivingCount":"648681.000","TransfersCount":null,"Properties":{"twitter_negative":"1358.000","VolumeSum":"15.182","VolumneMean":"0.000","ZeroBalance":"395280.000","twitter_neutral":"27743.000","AdjustedClose":"23335.998","PurposeEtcAumSum":"551900000.000","twitter_positive":"8335.000","PurposeEtfFlowsSum":"-119.173","SupplyActiveOneYearPercent":"0.657","PurposeEtfHoldingsSum":"23784.861","VolumneMedian":"0.000","BlockSizeMean":"1330205.566","TransactionCount":"255998.000","TransactionRate":"2.963"}}