{"Name":null,"Ticker":"BTC","Date":"2022-08-24T23:59:00Z","Granularity":60,"AddressMin100Count":null,"AddressMin10Count":null,"AddressNonZeroCount":null,"AdjusedSupply":null,"ActiveAddresses":"923697.000","AverageTransactionFee":"0.000","AverageTransactionFeeUSD":"0.820","AverageBlockSize":"1156057.000","AverageConfirmationTime":null,"AverageTimeBetweenTransactions":"593.842","BlockSize":"1156057.000","BlockNumber":"750969.000","BlockCount":"146.000","BlockHeight":"750969.000","BlockIntervalMean":"593.842","BlockIntervalMedian":"416.000","CirculatingSupply":"19131062.500","Close":"21363.561","CostPerTransaction":null,"CostPerTransactionPercent":null,"Difficulty":"121769223752359000000000.000","EstimatedTransactionVolumeUSD":null,"EstimatedTransactionVolume":null,"FeesPerTransaction":null,"FeeRatioMultiple":null,"High":"21402.381","HoldTime":null,"HashRate":"205851928.277","MaxHeight":null,"MarketCap":"409308514098.090","MarketPrice":null,"MedianConfirmationTime":null,"MemPoolCount":null,"MemPoolGrowth":null,"MemPoolSize":null,"MemPoolStateByFeeLevel":null,"MinersRevenueBtc":null,"MinersRevenue":null,"MinersRewards":"912.500","Mvrv":null,"MyWallNUsers":null,"Low":"21359.747","NewAddresses":"400151.000","NBlocksMined":null,"NextRetarget":null,"BlocksTotal":null,"Payments":null,"PaymentsPerBlock":null,"Nvt":null,"Nvts":null,"Open":"21384.395","Popularity":null,"MarketCapThermocapRatio":null,"Transactions":"256606.000","Thremocap":null,"TransactionsExcludingPopular":null,"TransactionsPerBlock":null,"TotalSupply":null,"TradeVolume":"3602882.929","TradeVolumeUSD":"77522835674.494","TransactionFees":"9.780","TransactionFeesUSD":"210422.610","TransfersFromExchangesCount":null,"TransfersToExchangesCount":null,"TransactionsPerSecond":null,"UniqueAddresses":"1035469507.000","UtxoCount":null,"Velocity":null,"Volume":"31962253368.000","VolumeFrom":null,"VolumeTo":null,"RevenueFromFees":null,"SendingCount":"605848.000","ReceivingCount":"649441.000","TransfersCount":null,"Properties":{"twitter_negative":"1079.000","VolumeSum":"9.779","VolumneMean":"0.000","ZeroBalance":"449945.000","twitter_neutral":"29590.000","AdjustedClose":"21395.020","PurposeEtcAumSum":"511200000.000","twitter_positive":"6763.000","PurposeEtfFlowsSum":"94.442","SupplyActiveOneYearPercent":"0.657","PurposeEtfHoldingsSum":"23646.414","VolumneMedian":"0.000","BlockSizeMean":"1156057.199","TransactionCount":"256460.000","TransactionRate":"2.968"}}